game_id,season,season_type,game_date,game_date_time,athlete_id,athlete_display_name,team_id,team_name,team_location,team_short_display_name,minutes,field_goals_made,field_goals_attempted,three_point_field_goals_made,three_point_field_goals_attempted,free_throws_made,free_throws_attempted,offensive_rebounds,defensive_rebounds,rebounds,assists,steals,blocks,turnovers,fouls,plus_minus,points,starter,ejected,did_not_play,reason,active,athlete_jersey,athlete_short_name,athlete_headshot_href,athlete_position_name,athlete_position_abbreviation,team_display_name,team_uid,team_slug,team_logo,team_abbreviation,team_color,team_alternate_color,home_away,team_winner,team_score,opponent_team_id,opponent_team_name,opponent_team_location,opponent_team_display_name,opponent_team_abbreviation,opponent_team_logo,opponent_team_color,opponent_team_alternate_color,opponent_team_score
401766128,2025,3,2025-06-22,2025-06-23T00:00:00Z,4278073,Shai Gilgeous-Alexander,25,Thunder,Oklahoma City,Thunder,40,8,27,2,12,11,12,0,5,5,12,1,2,1,5,+11,29,TRUE,FALSE,FALSE,COACH'S DECISION,FALSE,2,S. Gilgeous-Alexander,https://a.espncdn.com/i/headshots/nba/players/full/4278073.png,Guard,G,Oklahoma City Thunder,s:40~l:46~t:25,oklahoma-city-thunder,https://a.espncdn.com/i/teamlogos/nba/500/okc.png,OKC,007ac1,ef3b24,home,TRUE,103,11,Pacers,Indiana,Indiana Pacers,IND,https://a.espncdn.com/i/teamlogos/nba/500/ind.png,002d62,ffd520,91
401766127,2025,3,2025-06-19,2025-06-20T00:30:00Z,4278073,Shai Gilgeous-Alexander,25,Thunder,Oklahoma City,Thunder,31,7,15,0,1,7,8,0,4,4,2,0,0,8,2,-17,21,TRUE,FALSE,FALSE,COACH'S DECISION,FALSE,2,S. Gilgeous-Alexander,https://a.espncdn.com/i/headshots/nba/players/full/4278073.png,Guard,G,Oklahoma City Thunder,s:40~l:46~t:25,oklahoma-city-thunder,https://a.espncdn.com/i/teamlogos/nba/500/okc.png,OKC,007ac1,ef3b24,away,FALSE,91,11,Pacers,Indiana,Indiana Pacers,IND,https://a.espncdn.com/i/teamlogos/nba/500/ind.png,002d62,ffd520,108
401766126,2025,3,2025-06-16,2025-06-17T00:30:00Z,4278073,Shai Gilgeous-Alexander,25,Thunder,Oklahoma City,Thunder,38,9,21,0,3,13,14,0,2,2,10,2,4,3,4,+9,31,TRUE,FALSE,FALSE,COACH'S DECISION,TRUE,2,S. Gilgeous-Alexander,https://a.espncdn.com/i/headshots/nba/players/full/4278073.png,Guard,G,Oklahoma City Thunder,s:40~l:46~t:25,oklahoma-city-thunder,https://a.espncdn.com/i/teamlogos/nba/500/okc.png,OKC,007ac1,ef3b24,home,TRUE,120,11,Pacers,Indiana,Indiana Pacers,IND,https://a.espncdn.com/i/teamlogos/nba/500/ind.png,002d62,ffd520,109
401766125,2025,3,2025-06-13,2025-06-14T00:30:00Z,4278073,Shai Gilgeous-Alexander,25,Thunder,Oklahoma City,Thunder,40,12,24,1,4,10,10,0,3,3,0,3,1,2,4,0,35,TRUE,FALSE,FALSE,COACH'S DECISION,TRUE,2,S. Gilgeous-Alexander,https://a.espncdn.com/i/headshots/nba/players/full/4278073.png,Guard,G,Oklahoma City Thunder,s:40~l:46~t:25,oklahoma-city-thunder,https://a.espncdn.com/i/teamlogos/nba/500/okc.png,OKC,007ac1,ef3b24,away,TRUE,111,11,Pacers,Indiana,Indiana Pacers,IND,https://a.espncdn.com/i/teamlogos/nba/500/ind.png,002d62,ffd520,104
401766124,2025,3,2025-06-11,2025-06-12T00:30:00Z,4278073,Shai Gilgeous-Alexander,25,Thunder,Oklahoma City,Thunder,42,9,20,1,3,5,6,2,6,8,4,0,3,6,2,-3,24,TRUE,FALSE,FALSE,COACH'S DECISION,TRUE,2,S. Gilgeous-Alexander,https://a.espncdn.com/i/headshots/nba/players/full/4278073.png,Guard,G,Oklahoma City Thunder,s:40~l:46~t:25,oklahoma-city-thunder,https://a.espncdn.com/i/teamlogos/nba/500/okc.png,OKC,007ac1,ef3b24,away,FALSE,107,11,Pacers,Indiana,Indiana Pacers,IND,https://a.espncdn.com/i/teamlogos/nba/500/ind.png,002d62,ffd520,116
401766123,2025,3,2025-06-08,2025-06-09T00:00:00Z,4278073,Shai Gilgeous-Alexander,25,Thunder,Oklahoma City,Thunder,36,11,21,1,4,11,12,0,5,5,8,4,1,2,3,+5,34,TRUE,FALSE,FALSE,COACH'S DECISION,FALSE,2,S. Gilgeous-Alexander,https://a.espncdn.com/i/headshots/nba/players/full/4278073.png,Guard,G,Oklahoma City Thunder,s:40~l:46~t:25,oklahoma-city-thunder,https://a.espncdn.com/i/teamlogos/nba/500/okc.png,OKC,007ac1,ef3b24,home,TRUE,123,11,Pacers,Indiana,Indiana Pacers,IND,https://a.espncdn.com/i/teamlogos/nba/500/ind.png,002d62,ffd520,107
401766122,2025,3,2025-06-05,2025-06-06T00:30:00Z,4278073,Shai Gilgeous-Alexander,25,Thunder,Oklahoma City,Thunder,40,14,30,3,6,7,8,0,5,5,3,3,0,2,2,+3,38,TRUE,FALSE,FALSE,COACH'S DECISION,TRUE,2,S. Gilgeous-Alexander,https://a.espncdn.com/i/headshots/nba/players/full/4278073.png,Guard,G,Oklahoma City Thunder,s:40~l:46~t:25,oklahoma-city-thunder,https://a.espncdn.com/i/teamlogos/nba/500/okc.png,OKC,007ac1,ef3b24,home,FALSE,110,11,Pacers,Indiana,Indiana Pacers,IND,https://a.espncdn.com/i/teamlogos/nba/500/ind.png,002d62,ffd520,111
401773152,2025,3,2025-05-28,2025-05-29T00:30:00Z,4278073,Shai Gilgeous-Alexander,25,Thunder,Oklahoma City,Thunder,34,14,25,2,4,4,4,1,6,7,8,2,0,2,2,+23,34,TRUE,FALSE,FALSE,COACH'S DECISION,FALSE,2,S. Gilgeous-Alexander,https://a.espncdn.com/i/headshots/nba/players/full/4278073.png,Guard,G,Oklahoma City Thunder,s:40~l:46~t:25,oklahoma-city-thunder,https://a.espncdn.com/i/teamlogos/nba/500/okc.png,OKC,007ac1,ef3b24,home,TRUE,124,16,Timberwolves,Minnesota,Minnesota Timberwolves,MIN,https://a.espncdn.com/i/teamlogos/nba/500/min.png,266092,79bc43,94
401773151,2025,3,2025-05-26,2025-05-27T00:30:00Z,4278073,Shai Gilgeous-Alexander,25,Thunder,Oklahoma City,Thunder,40,13,30,2,7,12,14,4,5,9,10,1,0,5,4,+5,40,TRUE,FALSE,FALSE,COACH'S DECISION,TRUE,2,S. Gilgeous-Alexander,https://a.espncdn.com/i/headshots/nba/players/full/4278073.png,Guard,G,Oklahoma City Thunder,s:40~l:46~t:25,oklahoma-city-thunder,https://a.espncdn.com/i/teamlogos/nba/500/okc.png,OKC,007ac1,ef3b24,away,TRUE,128,16,Timberwolves,Minnesota,Minnesota Timberwolves,MIN,https://a.espncdn.com/i/teamlogos/nba/500/min.png,266092,79bc43,126
401773150,2025,3,2025-05-24,2025-05-25T00:30:00Z,4278073,Shai Gilgeous-Alexander,25,Thunder,Oklahoma City,Thunder,28,4,13,2,5,4,4,0,2,2,6,0,1,4,2,-32,14,TRUE,FALSE,FALSE,COACH'S DECISION,FALSE,2,S. Gilgeous-Alexander,https://a.espncdn.com/i/headshots/nba/players/full/4278073.png,Guard,G,Oklahoma City Thunder,s:40~l:46~t:25,oklahoma-city-thunder,https://a.espncdn.com/i/teamlogos/nba/500/okc.png,OKC,007ac1,ef3b24,away,FALSE,101,16,Timberwolves,Minnesota,Minnesota Timberwolves,MIN,https://a.espncdn.com/i/teamlogos/nba/500/min.png,266092,79bc43,143
401773149,2025,3,2025-05-22,2025-05-23T00:30:00Z,4278073,Shai Gilgeous-Alexander,25,Thunder,Oklahoma City,Thunder,42,12,21,1,2,13,15,0,3,3,8,3,0,1,5,+25,38,TRUE,FALSE,FALSE,COACH'S DECISION,TRUE,2,S. Gilgeous-Alexander,https://a.espncdn.com/i/headshots/nba/players/full/4278073.png,Guard,G,Oklahoma City Thunder,s:40~l:46~t:25,oklahoma-city-thunder,https://a.espncdn.com/i/teamlogos/nba/500/okc.png,OKC,007ac1,ef3b24,home,TRUE,118,16,Timberwolves,Minnesota,Minnesota Timberwolves,MIN,https://a.espncdn.com/i/teamlogos/nba/500/min.png,266092,79bc43,103
401773148,2025,3,2025-05-20,2025-05-21T00:30:00Z,4278073,Shai Gilgeous-Alexander,25,Thunder,Oklahoma City,Thunder,38,10,27,0,4,11,14,1,4,5,9,3,0,2,1,+22,31,TRUE,FALSE,FALSE,COACH'S DECISION,FALSE,2,S. Gilgeous-Alexander,https://a.espncdn.com/i/headshots/nba/players/full/4278073.png,Guard,G,Oklahoma City Thunder,s:40~l:46~t:25,oklahoma-city-thunder,https://a.espncdn.com/i/teamlogos/nba/500/okc.png,OKC,007ac1,ef3b24,home,TRUE,114,16,Timberwolves,Minnesota,Minnesota Timberwolves,MIN,https://a.espncdn.com/i/teamlogos/nba/500/min.png,266092,79bc43,88
401769992,2025,3,2025-05-18,2025-05-18T19:30:00Z,4278073,Shai Gilgeous-Alexander,25,Thunder,Oklahoma City,Thunder,36,12,19,3,4,8,9,0,3,3,4,3,1,0,2,+32,35,TRUE,FALSE,FALSE,COACH'S DECISION,FALSE,2,S. Gilgeous-Alexander,https://a.espncdn.com/i/headshots/nba/players/full/4278073.png,Guard,G,Oklahoma City Thunder,s:40~l:46~t:25,oklahoma-city-thunder,https://a.espncdn.com/i/teamlogos/nba/500/okc.png,OKC,007ac1,ef3b24,home,TRUE,125,7,Nuggets,Denver,Denver Nuggets,DEN,https://a.espncdn.com/i/teamlogos/nba/500/den.png,0e2240,fec524,93
401769991,2025,3,2025-05-15,2025-05-16T00:30:00Z,4278073,Shai Gilgeous-Alexander,25,Thunder,Oklahoma City,Thunder,35,11,16,2,4,8,11,0,3,3,6,0,0,2,4,-8,32,TRUE,FALSE,FALSE,COACH'S DECISION,FALSE,2,S. Gilgeous-Alexander,https://a.espncdn.com/i/headshots/nba/players/full/4278073.png,Guard,G,Oklahoma City Thunder,s:40~l:46~t:25,oklahoma-city-thunder,https://a.espncdn.com/i/teamlogos/nba/500/okc.png,OKC,007ac1,ef3b24,away,FALSE,107,7,Nuggets,Denver,Denver Nuggets,DEN,https://a.espncdn.com/i/teamlogos/nba/500/den.png,0e2240,fec524,119
401769990,2025,3,2025-05-13,2025-05-14T01:30:00Z,4278073,Shai Gilgeous-Alexander,25,Thunder,Oklahoma City,Thunder,39,12,23,1,3,6,6,1,5,6,7,2,2,5,1,+8,31,TRUE,FALSE,FALSE,COACH'S DECISION,TRUE,2,S. Gilgeous-Alexander,https://a.espncdn.com/i/headshots/nba/players/full/4278073.png,Guard,G,Oklahoma City Thunder,s:40~l:46~t:25,oklahoma-city-thunder,https://a.espncdn.com/i/teamlogos/nba/500/okc.png,OKC,007ac1,ef3b24,home,TRUE,112,7,Nuggets,Denver,Denver Nuggets,DEN,https://a.espncdn.com/i/teamlogos/nba/500/den.png,0e2240,fec524,105
401769823,2025,3,2025-05-11,2025-05-11T19:30:00Z,4278073,Shai Gilgeous-Alexander,25,Thunder,Oklahoma City,Thunder,38,8,19,0,5,9,12,1,5,6,6,2,0,3,2,+6,25,TRUE,FALSE,FALSE,COACH'S DECISION,TRUE,2,S. Gilgeous-Alexander,https://a.espncdn.com/i/headshots/nba/players/full/4278073.png,Guard,G,Oklahoma City Thunder,s:40~l:46~t:25,oklahoma-city-thunder,https://a.espncdn.com/i/teamlogos/nba/500/okc.png,OKC,007ac1,ef3b24,away,TRUE,92,7,Nuggets,Denver,Denver Nuggets,DEN,https://a.espncdn.com/i/teamlogos/nba/500/den.png,0e2240,fec524,87
401769822,2025,3,2025-05-09,2025-05-10T02:25:00Z,4278073,Shai Gilgeous-Alexander,25,Thunder,Oklahoma City,Thunder,45,7,22,1,6,3,5,3,10,13,7,2,0,1,1,-4,18,TRUE,FALSE,FALSE,COACH'S DECISION,TRUE,2,S. Gilgeous-Alexander,https://a.espncdn.com/i/headshots/nba/players/full/4278073.png,Guard,G,Oklahoma City Thunder,s:40~l:46~t:25,oklahoma-city-thunder,https://a.espncdn.com/i/teamlogos/nba/500/okc.png,OKC,007ac1,ef3b24,away,FALSE,104,7,Nuggets,Denver,Denver Nuggets,DEN,https://a.espncdn.com/i/teamlogos/nba/500/den.png,0e2240,fec524,113
401769821,2025,3,2025-05-07,2025-05-08T01:30:00Z,4278073,Shai Gilgeous-Alexander,25,Thunder,Oklahoma City,Thunder,30,11,13,1,2,11,11,2,2,4,8,0,0,2,3,+51,34,TRUE,FALSE,FALSE,COACH'S DECISION,FALSE,2,S. Gilgeous-Alexander,https://a.espncdn.com/i/headshots/nba/players/full/4278073.png,Guard,G,Oklahoma City Thunder,s:40~l:46~t:25,oklahoma-city-thunder,https://a.espncdn.com/i/teamlogos/nba/500/okc.png,OKC,007ac1,ef3b24,home,TRUE,149,7,Nuggets,Denver,Denver Nuggets,DEN,https://a.espncdn.com/i/teamlogos/nba/500/den.png,0e2240,fec524,106
401769820,2025,3,2025-05-05,2025-05-06T01:30:00Z,4278073,Shai Gilgeous-Alexander,25,Thunder,Oklahoma City,Thunder,40,12,26,2,6,7,9,3,7,10,8,2,1,1,4,-16,33,TRUE,FALSE,FALSE,COACH'S DECISION,TRUE,2,S. Gilgeous-Alexander,https://a.espncdn.com/i/headshots/nba/players/full/4278073.png,Guard,G,Oklahoma City Thunder,s:40~l:46~t:25,oklahoma-city-thunder,https://a.espncdn.com/i/teamlogos/nba/500/okc.png,OKC,007ac1,ef3b24,home,FALSE,119,7,Nuggets,Denver,Denver Nuggets,DEN,https://a.espncdn.com/i/teamlogos/nba/500/den.png,0e2240,fec524,121
401767905,2025,3,2025-04-26,2025-04-26T19:30:00Z,4278073,Shai Gilgeous-Alexander,25,Thunder,Oklahoma City,Thunder,38,13,24,1,4,11,13,2,3,5,6,2,1,1,3,+2,38,TRUE,FALSE,FALSE,COACH'S DECISION,TRUE,2,S. Gilgeous-Alexander,https://a.espncdn.com/i/headshots/nba/players/full/4278073.png,Guard,G,Oklahoma City Thunder,s:40~l:46~t:25,oklahoma-city-thunder,https://a.espncdn.com/i/teamlogos/nba/500/okc.png,OKC,007ac1,ef3b24,away,TRUE,117,29,Grizzlies,Memphis,Memphis Grizzlies,MEM,https://a.espncdn.com/i/teamlogos/nba/500/mem.png,5d76a9,12173f,115
401767904,2025,3,2025-04-24,2025-04-25T01:30:00Z,4278073,Shai Gilgeous-Alexander,25,Thunder,Oklahoma City,Thunder,40,10,26,2,7,9,9,0,4,4,8,1,1,3,5,+4,31,TRUE,FALSE,FALSE,COACH'S DECISION,FALSE,2,S. Gilgeous-Alexander,https://a.espncdn.com/i/headshots/nba/players/full/4278073.png,Guard,G,Oklahoma City Thunder,s:40~l:46~t:25,oklahoma-city-thunder,https://a.espncdn.com/i/teamlogos/nba/500/okc.png,OKC,007ac1,ef3b24,away,TRUE,114,29,Grizzlies,Memphis,Memphis Grizzlies,MEM,https://a.espncdn.com/i/teamlogos/nba/500/mem.png,5d76a9,12173f,108
401767903,2025,3,2025-04-22,2025-04-22T23:30:00Z,4278073,Shai Gilgeous-Alexander,25,Thunder,Oklahoma City,Thunder,38,10,29,3,10,4,4,3,5,8,5,2,0,2,2,+12,27,TRUE,FALSE,FALSE,COACH'S DECISION,TRUE,2,S. Gilgeous-Alexander,https://a.espncdn.com/i/headshots/nba/players/full/4278073.png,Guard,G,Oklahoma City Thunder,s:40~l:46~t:25,oklahoma-city-thunder,https://a.espncdn.com/i/teamlogos/nba/500/okc.png,OKC,007ac1,ef3b24,home,TRUE,118,29,Grizzlies,Memphis,Memphis Grizzlies,MEM,https://a.espncdn.com/i/teamlogos/nba/500/mem.png,5d76a9,12173f,99
401767818,2025,3,2025-04-20,2025-04-20T17:00:00Z,4278073,Shai Gilgeous-Alexander,25,Thunder,Oklahoma City,Thunder,23,4,13,1,7,6,7,0,3,3,5,0,2,2,2,+28,15,TRUE,FALSE,FALSE,COACH'S DECISION,FALSE,2,S. Gilgeous-Alexander,https://a.espncdn.com/i/headshots/nba/players/full/4278073.png,Guard,G,Oklahoma City Thunder,s:40~l:46~t:25,oklahoma-city-thunder,https://a.espncdn.com/i/teamlogos/nba/500/okc.png,OKC,007ac1,ef3b24,home,TRUE,131,29,Grizzlies,Memphis,Memphis Grizzlies,MEM,https://a.espncdn.com/i/teamlogos/nba/500/mem.png,5d76a9,12173f,80
401705719,2025,2,2025-04-08,2025-04-09T00:00:00Z,4278073,Shai Gilgeous-Alexander,25,Thunder,Oklahoma City,Thunder,37,14,26,5,9,9,11,1,5,6,6,0,1,1,5,+7,42,TRUE,FALSE,FALSE,COACH'S DECISION,FALSE,2,S. Gilgeous-Alexander,https://a.espncdn.com/i/headshots/nba/players/full/4278073.png,Guard,G,Oklahoma City Thunder,s:40~l:46~t:25,oklahoma-city-thunder,https://a.espncdn.com/i/teamlogos/nba/500/okc.png,OKC,007ac1,ef3b24,home,TRUE,136,13,Lakers,Los Angeles,Los Angeles Lakers,LAL,https://a.espncdn.com/i/teamlogos/nba/500/lal.png,552583,fdb927,120
401705701,2025,2,2025-04-06,2025-04-06T19:30:00Z,4278073,Shai Gilgeous-Alexander,25,Thunder,Oklahoma City,Thunder,30,12,23,2,5,0,0,0,3,3,9,1,1,1,1,-20,26,TRUE,FALSE,FALSE,COACH'S DECISION,FALSE,2,S. Gilgeous-Alexander,https://a.espncdn.com/i/headshots/nba/players/full/4278073.png,Guard,G,Oklahoma City Thunder,s:40~l:46~t:25,oklahoma-city-thunder,https://a.espncdn.com/i/teamlogos/nba/500/okc.png,OKC,007ac1,ef3b24,home,FALSE,99,13,Lakers,Los Angeles,Los Angeles Lakers,LAL,https://a.espncdn.com/i/teamlogos/nba/500/lal.png,552583,fdb927,126
401705689,2025,2,2025-04-04,2025-04-05T00:00:00Z,4278073,Shai Gilgeous-Alexander,25,Thunder,Oklahoma City,Thunder,35,10,22,1,6,1,2,1,3,4,8,3,0,3,2,-6,22,TRUE,FALSE,FALSE,COACH'S DECISION,FALSE,2,S. Gilgeous-Alexander,https://a.espncdn.com/i/headshots/nba/players/full/4278073.png,Guard,G,Oklahoma City Thunder,s:40~l:46~t:25,oklahoma-city-thunder,https://a.espncdn.com/i/teamlogos/nba/500/okc.png,OKC,007ac1,ef3b24,away,FALSE,111,10,Rockets,Houston,Houston Rockets,HOU,https://a.espncdn.com/i/teamlogos/nba/500/hou.png,ce1141,000000,125
401705674,2025,2,2025-04-02,2025-04-03T01:30:00Z,4278073,Shai Gilgeous-Alexander,25,Thunder,Oklahoma City,Thunder,35,10,26,2,7,11,12,2,4,6,3,3,2,1,1,+30,33,TRUE,FALSE,FALSE,COACH'S DECISION,TRUE,2,S. Gilgeous-Alexander,https://a.espncdn.com/i/headshots/nba/players/full/4278073.png,Guard,G,Oklahoma City Thunder,s:40~l:46~t:25,oklahoma-city-thunder,https://a.espncdn.com/i/teamlogos/nba/500/okc.png,OKC,007ac1,ef3b24,home,TRUE,119,8,Pistons,Detroit,Detroit Pistons,DET,https://a.espncdn.com/i/teamlogos/nba/500/det.png,1d428a,c8102e,103
401705660,2025,2,2025-03-31,2025-04-01T00:00:00Z,4278073,Shai Gilgeous-Alexander,25,Thunder,Oklahoma City,Thunder,27,9,14,2,2,7,7,0,0,0,12,0,2,2,0,+29,27,TRUE,FALSE,FALSE,COACH'S DECISION,FALSE,2,S. Gilgeous-Alexander,https://a.espncdn.com/i/headshots/nba/players/full/4278073.png,Guard,G,Oklahoma City Thunder,s:40~l:46~t:25,oklahoma-city-thunder,https://a.espncdn.com/i/teamlogos/nba/500/okc.png,OKC,007ac1,ef3b24,home,TRUE,145,4,Bulls,Chicago,Chicago Bulls,CHI,https://a.espncdn.com/i/teamlogos/nba/500/chi.png,ce1141,000000,117
401705645,2025,2,2025-03-29,2025-03-30T00:00:00Z,4278073,Shai Gilgeous-Alexander,25,Thunder,Oklahoma City,Thunder,31,10,23,3,6,10,12,3,4,7,8,1,0,0,2,+17,33,TRUE,FALSE,FALSE,COACH'S DECISION,FALSE,2,S. Gilgeous-Alexander,https://a.espncdn.com/i/headshots/nba/players/full/4278073.png,Guard,G,Oklahoma City Thunder,s:40~l:46~t:25,oklahoma-city-thunder,https://a.espncdn.com/i/teamlogos/nba/500/okc.png,OKC,007ac1,ef3b24,home,TRUE,132,11,Pacers,Indiana,Indiana Pacers,IND,https://a.espncdn.com/i/teamlogos/nba/500/ind.png,002d62,ffd520,111
401705630,2025,2,2025-03-27,2025-03-28T00:00:00Z,4278073,Shai Gilgeous-Alexander,25,Thunder,Oklahoma City,Thunder,34,15,25,0,2,7,9,0,3,3,6,3,0,0,0,+26,37,TRUE,FALSE,FALSE,COACH'S DECISION,FALSE,2,S. Gilgeous-Alexander,https://a.espncdn.com/i/headshots/nba/players/full/4278073.png,Guard,G,Oklahoma City Thunder,s:40~l:46~t:25,oklahoma-city-thunder,https://a.espncdn.com/i/teamlogos/nba/500/okc.png,OKC,007ac1,ef3b24,home,TRUE,125,29,Grizzlies,Memphis,Memphis Grizzlies,MEM,https://a.espncdn.com/i/teamlogos/nba/500/mem.png,5d76a9,12173f,104
401705618,2025,2,2025-03-25,2025-03-26T02:00:00Z,4278073,Shai Gilgeous-Alexander,25,Thunder,Oklahoma City,Thunder,33,10,23,3,6,9,10,0,8,8,5,0,0,5,2,+13,32,TRUE,FALSE,FALSE,COACH'S DECISION,FALSE,2,S. Gilgeous-Alexander,https://a.espncdn.com/i/headshots/nba/players/full/4278073.png,Guard,G,Oklahoma City Thunder,s:40~l:46~t:25,oklahoma-city-thunder,https://a.espncdn.com/i/teamlogos/nba/500/okc.png,OKC,007ac1,ef3b24,away,TRUE,121,23,Kings,Sacramento,Sacramento Kings,SAC,https://a.espncdn.com/i/teamlogos/nba/500/sac.png,5a2d81,6a7a82,105
401705602,2025,2,2025-03-23,2025-03-24T01:00:00Z,4278073,Shai Gilgeous-Alexander,25,Thunder,Oklahoma City,Thunder,37,7,29,1,7,11,11,0,3,3,8,2,2,1,2,0,26,TRUE,FALSE,FALSE,COACH'S DECISION,TRUE,2,S. Gilgeous-Alexander,https://a.espncdn.com/i/headshots/nba/players/full/4278073.png,Guard,G,Oklahoma City Thunder,s:40~l:46~t:25,oklahoma-city-thunder,https://a.espncdn.com/i/teamlogos/nba/500/okc.png,OKC,007ac1,ef3b24,away,TRUE,103,12,Clippers,LA,LA Clippers,LAC,https://a.espncdn.com/i/teamlogos/nba/500/lac.png,12173f,c8102e,101
401705583,2025,2,2025-03-21,2025-03-22T00:00:00Z,4278073,Shai Gilgeous-Alexander,25,Thunder,Oklahoma City,Thunder,30,13,18,2,2,2,2,0,6,6,9,1,0,1,2,+31,30,TRUE,FALSE,FALSE,COACH'S DECISION,FALSE,2,S. Gilgeous-Alexander,https://a.espncdn.com/i/headshots/nba/players/full/4278073.png,Guard,G,Oklahoma City Thunder,s:40~l:46~t:25,oklahoma-city-thunder,https://a.espncdn.com/i/teamlogos/nba/500/okc.png,OKC,007ac1,ef3b24,home,TRUE,141,30,Hornets,Charlotte,Charlotte Hornets,CHA,https://a.espncdn.com/i/teamlogos/nba/500/cha.png,008ca8,1d1060,106
401705548,2025,2,2025-03-16,2025-03-17T01:00:00Z,4278073,Shai Gilgeous-Alexander,25,Thunder,Oklahoma City,Thunder,34,11,27,0,5,9,11,1,1,2,8,0,1,1,1,+8,31,TRUE,FALSE,FALSE,COACH'S DECISION,FALSE,2,S. Gilgeous-Alexander,https://a.espncdn.com/i/headshots/nba/players/full/4278073.png,Guard,G,Oklahoma City Thunder,s:40~l:46~t:25,oklahoma-city-thunder,https://a.espncdn.com/i/teamlogos/nba/500/okc.png,OKC,007ac1,ef3b24,away,TRUE,121,15,Bucks,Milwaukee,Milwaukee Bucks,MIL,https://a.espncdn.com/i/teamlogos/nba/500/mil.png,00471b,eee1c6,105
401705535,2025,2,2025-03-15,2025-03-15T23:00:00Z,4278073,Shai Gilgeous-Alexander,25,Thunder,Oklahoma City,Thunder,38,17,26,4,6,10,10,0,4,4,6,3,1,2,1,+18,48,TRUE,FALSE,FALSE,COACH'S DECISION,TRUE,2,S. Gilgeous-Alexander,https://a.espncdn.com/i/headshots/nba/players/full/4278073.png,Guard,G,Oklahoma City Thunder,s:40~l:46~t:25,oklahoma-city-thunder,https://a.espncdn.com/i/teamlogos/nba/500/okc.png,OKC,007ac1,ef3b24,away,TRUE,113,8,Pistons,Detroit,Detroit Pistons,DET,https://a.espncdn.com/i/teamlogos/nba/500/det.png,1d428a,c8102e,107
401705512,2025,2,2025-03-12,2025-03-12T23:30:00Z,4278073,Shai Gilgeous-Alexander,25,Thunder,Oklahoma City,Thunder,39,11,20,2,7,10,11,1,4,5,7,1,0,5,3,+3,34,TRUE,FALSE,FALSE,COACH'S DECISION,TRUE,2,S. Gilgeous-Alexander,https://a.espncdn.com/i/headshots/nba/players/full/4278073.png,Guard,G,Oklahoma City Thunder,s:40~l:46~t:25,oklahoma-city-thunder,https://a.espncdn.com/i/teamlogos/nba/500/okc.png,OKC,007ac1,ef3b24,away,TRUE,118,2,Celtics,Boston,Boston Celtics,BOS,https://a.espncdn.com/i/teamlogos/nba/500/bos.png,008348,ffffff,112
401705502,2025,2,2025-03-10,2025-03-11T00:00:00Z,4278073,Shai Gilgeous-Alexander,25,Thunder,Oklahoma City,Thunder,36,8,14,3,7,6,6,1,2,3,7,1,2,3,2,-18,25,TRUE,FALSE,FALSE,COACH'S DECISION,FALSE,2,S. Gilgeous-Alexander,https://a.espncdn.com/i/headshots/nba/players/full/4278073.png,Guard,G,Oklahoma City Thunder,s:40~l:46~t:25,oklahoma-city-thunder,https://a.espncdn.com/i/teamlogos/nba/500/okc.png,OKC,007ac1,ef3b24,home,FALSE,127,7,Nuggets,Denver,Denver Nuggets,DEN,https://a.espncdn.com/i/teamlogos/nba/500/den.png,0e2240,fec524,140
401705486,2025,2,2025-03-09,2025-03-09T17:00:00Z,4278073,Shai Gilgeous-Alexander,25,Thunder,Oklahoma City,Thunder,35,15,32,2,11,8,8,2,6,8,5,0,3,1,3,+11,40,TRUE,FALSE,FALSE,COACH'S DECISION,FALSE,2,S. Gilgeous-Alexander,https://a.espncdn.com/i/headshots/nba/players/full/4278073.png,Guard,G,Oklahoma City Thunder,s:40~l:46~t:25,oklahoma-city-thunder,https://a.espncdn.com/i/teamlogos/nba/500/okc.png,OKC,007ac1,ef3b24,home,TRUE,127,7,Nuggets,Denver,Denver Nuggets,DEN,https://a.espncdn.com/i/teamlogos/nba/500/den.png,0e2240,fec524,103
401705461,2025,2,2025-03-05,2025-03-06T02:30:00Z,4278073,Shai Gilgeous-Alexander,25,Thunder,Oklahoma City,Thunder,35,14,25,3,5,10,10,0,2,2,8,2,0,4,5,+19,41,TRUE,FALSE,FALSE,COACH'S DECISION,FALSE,2,S. Gilgeous-Alexander,https://a.espncdn.com/i/headshots/nba/players/full/4278073.png,Guard,G,Oklahoma City Thunder,s:40~l:46~t:25,oklahoma-city-thunder,https://a.espncdn.com/i/teamlogos/nba/500/okc.png,OKC,007ac1,ef3b24,away,TRUE,120,29,Grizzlies,Memphis,Memphis Grizzlies,MEM,https://a.espncdn.com/i/teamlogos/nba/500/mem.png,5d76a9,12173f,103
401705445,2025,2,2025-03-03,2025-03-04T01:00:00Z,4278073,Shai Gilgeous-Alexander,25,Thunder,Oklahoma City,Thunder,36,18,30,5,9,10,10,2,3,5,7,1,1,2,1,+6,51,TRUE,FALSE,FALSE,COACH'S DECISION,TRUE,2,S. Gilgeous-Alexander,https://a.espncdn.com/i/headshots/nba/players/full/4278073.png,Guard,G,Oklahoma City Thunder,s:40~l:46~t:25,oklahoma-city-thunder,https://a.espncdn.com/i/teamlogos/nba/500/okc.png,OKC,007ac1,ef3b24,home,TRUE,137,10,Rockets,Houston,Houston Rockets,HOU,https://a.espncdn.com/i/teamlogos/nba/500/hou.png,ce1141,000000,128
401705437,2025,2,2025-03-02,2025-03-03T00:00:00Z,4278073,Shai Gilgeous-Alexander,25,Thunder,Oklahoma City,Thunder,32,10,19,3,5,8,9,2,2,4,8,1,2,0,1,+15,31,TRUE,FALSE,FALSE,COACH'S DECISION,FALSE,2,S. Gilgeous-Alexander,https://a.espncdn.com/i/headshots/nba/players/full/4278073.png,Guard,G,Oklahoma City Thunder,s:40~l:46~t:25,oklahoma-city-thunder,https://a.espncdn.com/i/teamlogos/nba/500/okc.png,OKC,007ac1,ef3b24,away,TRUE,146,24,Spurs,San Antonio,San Antonio Spurs,SA,https://a.espncdn.com/i/teamlogos/nba/500/sa.png,000000,c4ced4,132
401705417,2025,2,2025-02-28,2025-03-01T00:30:00Z,4278073,Shai Gilgeous-Alexander,25,Thunder,Oklahoma City,Thunder,34,12,23,3,7,4,4,0,3,3,5,2,0,1,0,+23,31,TRUE,FALSE,FALSE,COACH'S DECISION,FALSE,2,S. Gilgeous-Alexander,https://a.espncdn.com/i/headshots/nba/players/full/4278073.png,Guard,G,Oklahoma City Thunder,s:40~l:46~t:25,oklahoma-city-thunder,https://a.espncdn.com/i/teamlogos/nba/500/okc.png,OKC,007ac1,ef3b24,away,TRUE,135,1,Hawks,Atlanta,Atlanta Hawks,ATL,https://a.espncdn.com/i/teamlogos/nba/500/atl.png,c8102e,fdb927,119
401705406,2025,2,2025-02-26,2025-02-27T00:30:00Z,4278073,Shai Gilgeous-Alexander,25,Thunder,Oklahoma City,Thunder,34,7,11,1,2,12,13,2,4,6,5,2,0,3,2,-15,27,TRUE,FALSE,FALSE,COACH'S DECISION,TRUE,2,S. Gilgeous-Alexander,https://a.espncdn.com/i/headshots/nba/players/full/4278073.png,Guard,G,Oklahoma City Thunder,s:40~l:46~t:25,oklahoma-city-thunder,https://a.espncdn.com/i/teamlogos/nba/500/okc.png,OKC,007ac1,ef3b24,away,TRUE,129,17,Nets,Brooklyn,Brooklyn Nets,BKN,https://a.espncdn.com/i/teamlogos/nba/500/bkn.png,000000,ffffff,121
401705392,2025,2,2025-02-24,2025-02-25T01:00:00Z,4278073,Shai Gilgeous-Alexander,25,Thunder,Oklahoma City,Thunder,42,11,20,3,5,14,17,1,9,10,8,0,0,4,5,+2,39,TRUE,FALSE,FALSE,COACH'S DECISION,TRUE,2,S. Gilgeous-Alexander,https://a.espncdn.com/i/headshots/nba/players/full/4278073.png,Guard,G,Oklahoma City Thunder,s:40~l:46~t:25,oklahoma-city-thunder,https://a.espncdn.com/i/teamlogos/nba/500/okc.png,OKC,007ac1,ef3b24,home,FALSE,128,16,Timberwolves,Minnesota,Minnesota Timberwolves,MIN,https://a.espncdn.com/i/teamlogos/nba/500/min.png,266092,79bc43,131
401705386,2025,2,2025-02-23,2025-02-24T02:50:00Z,4278073,Shai Gilgeous-Alexander,25,Thunder,Oklahoma City,Thunder,38,13,24,3,6,8,11,0,8,8,8,3,3,5,3,+16,37,TRUE,FALSE,FALSE,COACH'S DECISION,TRUE,2,S. Gilgeous-Alexander,https://a.espncdn.com/i/headshots/nba/players/full/4278073.png,Guard,G,Oklahoma City Thunder,s:40~l:46~t:25,oklahoma-city-thunder,https://a.espncdn.com/i/teamlogos/nba/500/okc.png,OKC,007ac1,ef3b24,away,TRUE,130,16,Timberwolves,Minnesota,Minnesota Timberwolves,MIN,https://a.espncdn.com/i/teamlogos/nba/500/min.png,266092,79bc43,123
401705370,2025,2,2025-02-21,2025-02-22T02:30:00Z,4278073,Shai Gilgeous-Alexander,25,Thunder,Oklahoma City,Thunder,32,7,16,1,4,6,6,0,2,2,8,1,3,3,1,+11,21,TRUE,FALSE,FALSE,COACH'S DECISION,FALSE,2,S. Gilgeous-Alexander,https://a.espncdn.com/i/headshots/nba/players/full/4278073.png,Guard,G,Oklahoma City Thunder,s:40~l:46~t:25,oklahoma-city-thunder,https://a.espncdn.com/i/teamlogos/nba/500/okc.png,OKC,007ac1,ef3b24,away,TRUE,130,26,Jazz,Utah,Utah Jazz,UTAH,https://a.espncdn.com/i/teamlogos/nba/500/utah.png,000000,79a3dc,107
401752957,2025,2,2025-02-16,2025-02-17T03:00:00Z,4278073,Shai Gilgeous-Alexander,130579,Team Chuck,Team Chuck,Team Chuck,6,1,4,1,3,1,2,1,0,1,0,0,0,1,0,-8,4,TRUE,FALSE,FALSE,COACH'S DECISION,FALSE,2,S. Gilgeous-Alexander,https://a.espncdn.com/i/headshots/nba/players/full/4278073.png,Guard,G,Team Chuck,s:40~l:46~t:130579,team-chuck,https://a.espncdn.com/i/teamlogos/nba/500/chk.png,CHK,NA,002b5c,home,FALSE,25,130580,Team Shaq,Team Shaq,Team Shaq,SHQ,https://a.espncdn.com/i/teamlogos/nba/500/shq.png,NA,002b5c,41
401752955,2025,2,2025-02-16,2025-02-17T01:20:00Z,4278073,Shai Gilgeous-Alexander,130579,Team Chuck,Team Chuck,Team Chuck,7,5,5,2,2,0,0,0,2,2,1,0,1,0,1,+14,12,TRUE,FALSE,FALSE,COACH'S DECISION,TRUE,2,S. Gilgeous-Alexander,https://a.espncdn.com/i/headshots/nba/players/full/4278073.png,Guard,G,Team Chuck,s:40~l:46~t:130579,team-chuck,https://a.espncdn.com/i/teamlogos/nba/500/chk.png,CHK,NA,002b5c,home,TRUE,41,130581,Team Kenny,Team Kenny,Team Kenny,KEN,https://a.espncdn.com/i/teamlogos/nba/500/ken.png,NA,fdb927,32
401705353,2025,2,2025-02-13,2025-02-14T01:30:00Z,4278073,Shai Gilgeous-Alexander,25,Thunder,Oklahoma City,Thunder,34,6,21,1,2,11,11,2,6,8,9,0,0,1,2,-12,24,TRUE,FALSE,FALSE,COACH'S DECISION,FALSE,2,S. Gilgeous-Alexander,https://a.espncdn.com/i/headshots/nba/players/full/4278073.png,Guard,G,Oklahoma City Thunder,s:40~l:46~t:25,oklahoma-city-thunder,https://a.espncdn.com/i/teamlogos/nba/500/okc.png,OKC,007ac1,ef3b24,away,FALSE,101,16,Timberwolves,Minnesota,Minnesota Timberwolves,MIN,https://a.espncdn.com/i/teamlogos/nba/500/min.png,266092,79bc43,116
401705344,2025,2,2025-02-12,2025-02-13T01:00:00Z,4278073,Shai Gilgeous-Alexander,25,Thunder,Oklahoma City,Thunder,38,11,22,4,9,6,9,1,4,5,9,2,0,1,4,+19,32,TRUE,FALSE,FALSE,COACH'S DECISION,TRUE,2,S. Gilgeous-Alexander,https://a.espncdn.com/i/headshots/nba/players/full/4278073.png,Guard,G,Oklahoma City Thunder,s:40~l:46~t:25,oklahoma-city-thunder,https://a.espncdn.com/i/teamlogos/nba/500/okc.png,OKC,007ac1,ef3b24,home,TRUE,115,14,Heat,Miami,Miami Heat,MIA,https://a.espncdn.com/i/teamlogos/nba/500/mia.png,98002e,000000,101
401705327,2025,2,2025-02-10,2025-02-11T01:00:00Z,4278073,Shai Gilgeous-Alexander,25,Thunder,Oklahoma City,Thunder,31,10,20,4,9,7,8,0,1,1,2,3,1,1,1,+12,31,TRUE,FALSE,FALSE,COACH'S DECISION,FALSE,2,S. Gilgeous-Alexander,https://a.espncdn.com/i/headshots/nba/players/full/4278073.png,Guard,G,Oklahoma City Thunder,s:40~l:46~t:25,oklahoma-city-thunder,https://a.espncdn.com/i/teamlogos/nba/500/okc.png,OKC,007ac1,ef3b24,home,TRUE,137,3,Pelicans,New Orleans,New Orleans Pelicans,NO,https://a.espncdn.com/i/teamlogos/nba/500/no.png,0a2240,b4975a,101
401705312,2025,2,2025-02-08,2025-02-09T01:00:00Z,4278073,Shai Gilgeous-Alexander,25,Thunder,Oklahoma City,Thunder,34,8,26,3,5,13,16,0,0,0,8,0,2,0,5,+18,32,TRUE,FALSE,FALSE,COACH'S DECISION,FALSE,2,S. Gilgeous-Alexander,https://a.espncdn.com/i/headshots/nba/players/full/4278073.png,Guard,G,Oklahoma City Thunder,s:40~l:46~t:25,oklahoma-city-thunder,https://a.espncdn.com/i/teamlogos/nba/500/okc.png,OKC,007ac1,ef3b24,away,TRUE,125,29,Grizzlies,Memphis,Memphis Grizzlies,MEM,https://a.espncdn.com/i/teamlogos/nba/500/mem.png,5d76a9,12173f,112
401705305,2025,2,2025-02-07,2025-02-08T01:00:00Z,4278073,Shai Gilgeous-Alexander,25,Thunder,Oklahoma City,Thunder,29,5,12,1,6,14,14,1,3,4,6,1,0,2,1,+15,25,TRUE,FALSE,FALSE,COACH'S DECISION,FALSE,2,S. Gilgeous-Alexander,https://a.espncdn.com/i/headshots/nba/players/full/4278073.png,Guard,G,Oklahoma City Thunder,s:40~l:46~t:25,oklahoma-city-thunder,https://a.espncdn.com/i/teamlogos/nba/500/okc.png,OKC,007ac1,ef3b24,home,TRUE,121,28,Raptors,Toronto,Toronto Raptors,TOR,https://a.espncdn.com/i/teamlogos/nba/500/tor.png,d91244,000000,109
401705290,2025,2,2025-02-05,2025-02-06T02:30:00Z,4278073,Shai Gilgeous-Alexander,25,Thunder,Oklahoma City,Thunder,34,18,29,3,7,11,12,2,6,8,5,2,1,1,3,+42,50,TRUE,FALSE,FALSE,COACH'S DECISION,FALSE,2,S. Gilgeous-Alexander,https://a.espncdn.com/i/headshots/nba/players/full/4278073.png,Guard,G,Oklahoma City Thunder,s:40~l:46~t:25,oklahoma-city-thunder,https://a.espncdn.com/i/teamlogos/nba/500/okc.png,OKC,007ac1,ef3b24,home,TRUE,140,21,Suns,Phoenix,Phoenix Suns,PHX,https://a.espncdn.com/i/teamlogos/nba/500/phx.png,29127a,e56020,109
401705271,2025,2,2025-02-03,2025-02-04T01:00:00Z,4278073,Shai Gilgeous-Alexander,25,Thunder,Oklahoma City,Thunder,22,15,19,2,3,2,3,0,3,3,6,0,0,3,1,+34,34,TRUE,FALSE,FALSE,COACH'S DECISION,FALSE,2,S. Gilgeous-Alexander,https://a.espncdn.com/i/headshots/nba/players/full/4278073.png,Guard,G,Oklahoma City Thunder,s:40~l:46~t:25,oklahoma-city-thunder,https://a.espncdn.com/i/teamlogos/nba/500/okc.png,OKC,007ac1,ef3b24,home,TRUE,125,15,Bucks,Milwaukee,Milwaukee Bucks,MIL,https://a.espncdn.com/i/teamlogos/nba/500/mil.png,00471b,eee1c6,96
401705257,2025,2,2025-02-01,2025-02-02T01:00:00Z,4278073,Shai Gilgeous-Alexander,25,Thunder,Oklahoma City,Thunder,30,10,20,1,6,8,10,3,3,6,9,0,2,4,2,+17,29,TRUE,FALSE,FALSE,COACH'S DECISION,FALSE,2,S. Gilgeous-Alexander,https://a.espncdn.com/i/headshots/nba/players/full/4278073.png,Guard,G,Oklahoma City Thunder,s:40~l:46~t:25,oklahoma-city-thunder,https://a.espncdn.com/i/teamlogos/nba/500/okc.png,OKC,007ac1,ef3b24,home,TRUE,144,23,Kings,Sacramento,Sacramento Kings,SAC,https://a.espncdn.com/i/teamlogos/nba/500/sac.png,5a2d81,6a7a82,110
401705239,2025,2,2025-01-29,2025-01-30T03:00:00Z,4278073,Shai Gilgeous-Alexander,25,Thunder,Oklahoma City,Thunder,39,16,29,2,6,18,21,0,3,3,4,1,0,3,4,+1,52,TRUE,FALSE,FALSE,COACH'S DECISION,FALSE,2,S. Gilgeous-Alexander,https://a.espncdn.com/i/headshots/nba/players/full/4278073.png,Guard,G,Oklahoma City Thunder,s:40~l:46~t:25,oklahoma-city-thunder,https://a.espncdn.com/i/teamlogos/nba/500/okc.png,OKC,007ac1,ef3b24,away,FALSE,109,9,Warriors,Golden State,Golden State Warriors,GS,https://a.espncdn.com/i/teamlogos/nba/500/gs.png,fdb927,1d428a,116
401705213,2025,2,2025-01-26,2025-01-26T23:00:00Z,4278073,Shai Gilgeous-Alexander,25,Thunder,Oklahoma City,Thunder,37,12,25,2,4,9,9,1,4,5,1,3,0,2,1,-4,35,TRUE,FALSE,FALSE,COACH'S DECISION,TRUE,2,S. Gilgeous-Alexander,https://a.espncdn.com/i/headshots/nba/players/full/4278073.png,Guard,G,Oklahoma City Thunder,s:40~l:46~t:25,oklahoma-city-thunder,https://a.espncdn.com/i/teamlogos/nba/500/okc.png,OKC,007ac1,ef3b24,away,TRUE,118,22,Trail Blazers,Portland,Portland Trail Blazers,POR,https://a.espncdn.com/i/teamlogos/nba/500/por.png,e03a3e,000000,108
401705191,2025,2,2025-01-23,2025-01-24T01:00:00Z,4278073,Shai Gilgeous-Alexander,25,Thunder,Oklahoma City,Thunder,40,12,25,1,3,6,6,1,0,1,7,0,0,3,4,-7,31,TRUE,FALSE,FALSE,COACH'S DECISION,TRUE,2,S. Gilgeous-Alexander,https://a.espncdn.com/i/headshots/nba/players/full/4278073.png,Guard,G,Oklahoma City Thunder,s:40~l:46~t:25,oklahoma-city-thunder,https://a.espncdn.com/i/teamlogos/nba/500/okc.png,OKC,007ac1,ef3b24,home,FALSE,115,6,Mavericks,Dallas,Dallas Mavericks,DAL,https://a.espncdn.com/i/teamlogos/nba/500/dal.png,0064b1,bbc4ca,121
401705184,2025,2,2025-01-22,2025-01-23T01:00:00Z,4278073,Shai Gilgeous-Alexander,25,Thunder,Oklahoma City,Thunder,37,17,35,3,10,17,18,3,5,8,5,3,2,3,3,+9,54,TRUE,FALSE,FALSE,COACH'S DECISION,TRUE,2,S. Gilgeous-Alexander,https://a.espncdn.com/i/headshots/nba/players/full/4278073.png,Guard,G,Oklahoma City Thunder,s:40~l:46~t:25,oklahoma-city-thunder,https://a.espncdn.com/i/teamlogos/nba/500/okc.png,OKC,007ac1,ef3b24,home,TRUE,123,26,Jazz,Utah,Utah Jazz,UTAH,https://a.espncdn.com/i/teamlogos/nba/500/utah.png,000000,79a3dc,114
401705161,2025,2,2025-01-19,2025-01-20T00:00:00Z,4278073,Shai Gilgeous-Alexander,25,Thunder,Oklahoma City,Thunder,29,8,14,1,4,10,10,1,2,3,10,4,1,2,1,+27,27,TRUE,FALSE,FALSE,COACH'S DECISION,FALSE,2,S. Gilgeous-Alexander,https://a.espncdn.com/i/headshots/nba/players/full/4278073.png,Guard,G,Oklahoma City Thunder,s:40~l:46~t:25,oklahoma-city-thunder,https://a.espncdn.com/i/teamlogos/nba/500/okc.png,OKC,007ac1,ef3b24,home,TRUE,127,17,Nets,Brooklyn,Brooklyn Nets,BKN,https://a.espncdn.com/i/teamlogos/nba/500/bkn.png,000000,ffffff,101
401705149,2025,2,2025-01-17,2025-01-18T01:30:00Z,4278073,Shai Gilgeous-Alexander,25,Thunder,Oklahoma City,Thunder,NA,NA,NA,NA,NA,NA,NA,NA,NA,NA,NA,NA,NA,NA,NA,NA,NA,FALSE,FALSE,TRUE,RIGHT WRIST SPRAIN,FALSE,2,S. Gilgeous-Alexander,https://a.espncdn.com/i/headshots/nba/players/full/4278073.png,Guard,G,Oklahoma City Thunder,s:40~l:46~t:25,oklahoma-city-thunder,https://a.espncdn.com/i/teamlogos/nba/500/okc.png,OKC,007ac1,ef3b24,away,FALSE,98,6,Mavericks,Dallas,Dallas Mavericks,DAL,https://a.espncdn.com/i/teamlogos/nba/500/dal.png,0064b1,bbc4ca,106
401705140,2025,2,2025-01-16,2025-01-17T00:30:00Z,4278073,Shai Gilgeous-Alexander,25,Thunder,Oklahoma City,Thunder,29,17,26,1,5,5,5,0,3,3,8,2,0,2,1,+32,40,TRUE,FALSE,FALSE,COACH'S DECISION,FALSE,2,S. Gilgeous-Alexander,https://a.espncdn.com/i/headshots/nba/players/full/4278073.png,Guard,G,Oklahoma City Thunder,s:40~l:46~t:25,oklahoma-city-thunder,https://a.espncdn.com/i/teamlogos/nba/500/okc.png,OKC,007ac1,ef3b24,home,TRUE,134,5,Cavaliers,Cleveland,Cleveland Cavaliers,CLE,https://a.espncdn.com/i/teamlogos/nba/500/cle.png,860038,bc945c,114
401705121,2025,2,2025-01-14,2025-01-15T00:00:00Z,4278073,Shai Gilgeous-Alexander,25,Thunder,Oklahoma City,Thunder,33,12,15,1,3,7,8,1,2,3,9,2,1,4,4,+15,32,TRUE,FALSE,FALSE,COACH'S DECISION,FALSE,2,S. Gilgeous-Alexander,https://a.espncdn.com/i/headshots/nba/players/full/4278073.png,Guard,G,Oklahoma City Thunder,s:40~l:46~t:25,oklahoma-city-thunder,https://a.espncdn.com/i/teamlogos/nba/500/okc.png,OKC,007ac1,ef3b24,away,TRUE,118,20,76ers,Philadelphia,Philadelphia 76ers,PHI,https://a.espncdn.com/i/teamlogos/nba/500/phi.png,1d428a,e01234,102
401705111,2025,2,2025-01-12,2025-01-12T23:00:00Z,4278073,Shai Gilgeous-Alexander,25,Thunder,Oklahoma City,Thunder,30,5,17,1,4,16,17,1,6,7,4,2,0,3,3,+30,27,TRUE,FALSE,FALSE,COACH'S DECISION,FALSE,2,S. Gilgeous-Alexander,https://a.espncdn.com/i/headshots/nba/players/full/4278073.png,Guard,G,Oklahoma City Thunder,s:40~l:46~t:25,oklahoma-city-thunder,https://a.espncdn.com/i/teamlogos/nba/500/okc.png,OKC,007ac1,ef3b24,away,TRUE,136,27,Wizards,Washington,Washington Wizards,WSH,https://a.espncdn.com/i/teamlogos/nba/500/wsh.png,e31837,002b5c,95
401705095,2025,2,2025-01-10,2025-01-11T00:30:00Z,4278073,Shai Gilgeous-Alexander,25,Thunder,Oklahoma City,Thunder,29,15,21,1,1,8,8,0,3,3,2,2,1,2,2,+18,39,TRUE,FALSE,FALSE,COACH'S DECISION,FALSE,2,S. Gilgeous-Alexander,https://a.espncdn.com/i/headshots/nba/players/full/4278073.png,Guard,G,Oklahoma City Thunder,s:40~l:46~t:25,oklahoma-city-thunder,https://a.espncdn.com/i/teamlogos/nba/500/okc.png,OKC,007ac1,ef3b24,away,TRUE,126,18,Knicks,New York,New York Knicks,NY,https://a.espncdn.com/i/teamlogos/nba/500/ny.png,1d428a,f58426,101
401705075,2025,2,2025-01-08,2025-01-09T00:00:00Z,4278073,Shai Gilgeous-Alexander,25,Thunder,Oklahoma City,Thunder,38,13,27,1,6,4,4,1,4,5,4,3,2,5,5,-1,31,TRUE,FALSE,FALSE,COACH'S DECISION,TRUE,2,S. Gilgeous-Alexander,https://a.espncdn.com/i/headshots/nba/players/full/4278073.png,Guard,G,Oklahoma City Thunder,s:40~l:46~t:25,oklahoma-city-thunder,https://a.espncdn.com/i/teamlogos/nba/500/okc.png,OKC,007ac1,ef3b24,away,FALSE,122,5,Cavaliers,Cleveland,Cleveland Cavaliers,CLE,https://a.espncdn.com/i/teamlogos/nba/500/cle.png,860038,bc945c,129
401705053,2025,2,2025-01-05,2025-01-05T20:30:00Z,4278073,Shai Gilgeous-Alexander,25,Thunder,Oklahoma City,Thunder,39,11,23,3,6,8,8,2,9,11,6,3,2,3,2,+12,33,TRUE,FALSE,FALSE,COACH'S DECISION,TRUE,2,S. Gilgeous-Alexander,https://a.espncdn.com/i/headshots/nba/players/full/4278073.png,Guard,G,Oklahoma City Thunder,s:40~l:46~t:25,oklahoma-city-thunder,https://a.espncdn.com/i/teamlogos/nba/500/okc.png,OKC,007ac1,ef3b24,home,TRUE,105,2,Celtics,Boston,Boston Celtics,BOS,https://a.espncdn.com/i/teamlogos/nba/500/bos.png,008348,ffffff,92
401705039,2025,2,2025-01-03,2025-01-04T01:00:00Z,4278073,Shai Gilgeous-Alexander,25,Thunder,Oklahoma City,Thunder,37,12,26,2,3,7,7,1,3,4,7,1,1,2,1,+10,33,TRUE,FALSE,FALSE,COACH'S DECISION,TRUE,2,S. Gilgeous-Alexander,https://a.espncdn.com/i/headshots/nba/players/full/4278073.png,Guard,G,Oklahoma City Thunder,s:40~l:46~t:25,oklahoma-city-thunder,https://a.espncdn.com/i/teamlogos/nba/500/okc.png,OKC,007ac1,ef3b24,home,TRUE,117,18,Knicks,New York,New York Knicks,NY,https://a.espncdn.com/i/teamlogos/nba/500/ny.png,1d428a,f58426,107
401705032,2025,2,2025-01-02,2025-01-03T01:00:00Z,4278073,Shai Gilgeous-Alexander,25,Thunder,Oklahoma City,Thunder,30,9,17,2,5,9,9,0,3,3,8,2,0,1,1,+19,29,TRUE,FALSE,FALSE,COACH'S DECISION,FALSE,2,S. Gilgeous-Alexander,https://a.espncdn.com/i/headshots/nba/players/full/4278073.png,Guard,G,Oklahoma City Thunder,s:40~l:46~t:25,oklahoma-city-thunder,https://a.espncdn.com/i/teamlogos/nba/500/okc.png,OKC,007ac1,ef3b24,home,TRUE,116,12,Clippers,LA,LA Clippers,LAC,https://a.espncdn.com/i/teamlogos/nba/500/lac.png,12173f,c8102e,98
401705018,2025,2,2024-12-31,2025-01-01T01:00:00Z,4278073,Shai Gilgeous-Alexander,25,Thunder,Oklahoma City,Thunder,34,15,23,3,5,7,9,1,2,3,2,4,0,3,1,+11,40,TRUE,FALSE,FALSE,COACH'S DECISION,TRUE,2,S. Gilgeous-Alexander,https://a.espncdn.com/i/headshots/nba/players/full/4278073.png,Guard,G,Oklahoma City Thunder,s:40~l:46~t:25,oklahoma-city-thunder,https://a.espncdn.com/i/teamlogos/nba/500/okc.png,OKC,007ac1,ef3b24,home,TRUE,113,16,Timberwolves,Minnesota,Minnesota Timberwolves,MIN,https://a.espncdn.com/i/teamlogos/nba/500/min.png,266092,79bc43,105
401705006,2025,2,2024-12-29,2024-12-30T00:00:00Z,4278073,Shai Gilgeous-Alexander,25,Thunder,Oklahoma City,Thunder,28,14,19,1,5,6,6,0,6,6,7,1,4,1,1,+27,35,TRUE,FALSE,FALSE,COACH'S DECISION,FALSE,2,S. Gilgeous-Alexander,https://a.espncdn.com/i/headshots/nba/players/full/4278073.png,Guard,G,Oklahoma City Thunder,s:40~l:46~t:25,oklahoma-city-thunder,https://a.espncdn.com/i/teamlogos/nba/500/okc.png,OKC,007ac1,ef3b24,home,TRUE,130,29,Grizzlies,Memphis,Memphis Grizzlies,MEM,https://a.espncdn.com/i/teamlogos/nba/500/mem.png,5d76a9,12173f,106
401704994,2025,2,2024-12-28,2024-12-28T23:00:00Z,4278073,Shai Gilgeous-Alexander,25,Thunder,Oklahoma City,Thunder,33,8,15,1,6,5,6,1,3,4,6,2,1,6,4,+12,22,TRUE,FALSE,FALSE,COACH'S DECISION,FALSE,2,S. Gilgeous-Alexander,https://a.espncdn.com/i/headshots/nba/players/full/4278073.png,Guard,G,Oklahoma City Thunder,s:40~l:46~t:25,oklahoma-city-thunder,https://a.espncdn.com/i/teamlogos/nba/500/okc.png,OKC,007ac1,ef3b24,away,TRUE,106,30,Hornets,Charlotte,Charlotte Hornets,CHA,https://a.espncdn.com/i/teamlogos/nba/500/cha.png,008ca8,1d1060,94
401704976,2025,2,2024-12-26,2024-12-27T00:00:00Z,4278073,Shai Gilgeous-Alexander,25,Thunder,Oklahoma City,Thunder,38,15,22,4,5,11,11,0,7,7,8,1,2,1,2,+10,45,TRUE,FALSE,FALSE,COACH'S DECISION,TRUE,2,S. Gilgeous-Alexander,https://a.espncdn.com/i/headshots/nba/players/full/4278073.png,Guard,G,Oklahoma City Thunder,s:40~l:46~t:25,oklahoma-city-thunder,https://a.espncdn.com/i/teamlogos/nba/500/okc.png,OKC,007ac1,ef3b24,away,TRUE,120,11,Pacers,Indiana,Indiana Pacers,IND,https://a.espncdn.com/i/teamlogos/nba/500/ind.png,002d62,ffd520,114
401704966,2025,2,2024-12-23,2024-12-24T01:00:00Z,4278073,Shai Gilgeous-Alexander,25,Thunder,Oklahoma City,Thunder,35,14,25,3,6,10,10,3,6,9,3,3,3,3,3,+25,41,TRUE,FALSE,FALSE,COACH'S DECISION,FALSE,2,S. Gilgeous-Alexander,https://a.espncdn.com/i/headshots/nba/players/full/4278073.png,Guard,G,Oklahoma City Thunder,s:40~l:46~t:25,oklahoma-city-thunder,https://a.espncdn.com/i/teamlogos/nba/500/okc.png,OKC,007ac1,ef3b24,home,TRUE,123,27,Wizards,Washington,Washington Wizards,WSH,https://a.espncdn.com/i/teamlogos/nba/500/wsh.png,e31837,002b5c,105
401704941,2025,2,2024-12-20,2024-12-21T01:00:00Z,4278073,Shai Gilgeous-Alexander,25,Thunder,Oklahoma City,Thunder,38,10,25,3,9,2,2,2,5,7,4,2,0,3,1,+14,25,TRUE,FALSE,FALSE,COACH'S DECISION,TRUE,2,S. Gilgeous-Alexander,https://a.espncdn.com/i/headshots/nba/players/full/4278073.png,Guard,G,Oklahoma City Thunder,s:40~l:46~t:25,oklahoma-city-thunder,https://a.espncdn.com/i/teamlogos/nba/500/okc.png,OKC,007ac1,ef3b24,away,TRUE,104,14,Heat,Miami,Miami Heat,MIA,https://a.espncdn.com/i/teamlogos/nba/500/mia.png,98002e,000000,97
401704927,2025,2,2024-12-19,2024-12-20T00:00:00Z,4278073,Shai Gilgeous-Alexander,25,Thunder,Oklahoma City,Thunder,36,15,26,1,5,4,4,0,4,4,6,4,2,4,1,-6,35,TRUE,FALSE,FALSE,COACH'S DECISION,TRUE,2,S. Gilgeous-Alexander,https://a.espncdn.com/i/headshots/nba/players/full/4278073.png,Guard,G,Oklahoma City Thunder,s:40~l:46~t:25,oklahoma-city-thunder,https://a.espncdn.com/i/teamlogos/nba/500/okc.png,OKC,007ac1,ef3b24,away,TRUE,105,19,Magic,Orlando,Orlando Magic,ORL,https://a.espncdn.com/i/teamlogos/nba/500/orl.png,0150b5,9ca0a3,99
401734908,2025,2,2024-12-17,2024-12-18T01:30:00Z,4278073,Shai Gilgeous-Alexander,25,Thunder,Oklahoma City,Thunder,36,8,24,2,9,3,4,0,4,4,2,2,0,3,3,-17,21,TRUE,FALSE,FALSE,COACH'S DECISION,FALSE,2,S. Gilgeous-Alexander,https://a.espncdn.com/i/headshots/nba/players/full/4278073.png,Guard,G,Oklahoma City Thunder,s:40~l:46~t:25,oklahoma-city-thunder,https://a.espncdn.com/i/teamlogos/nba/500/okc.png,OKC,007ac1,ef3b24,home,FALSE,81,15,Bucks,Milwaukee,Milwaukee Bucks,MIL,https://a.espncdn.com/i/teamlogos/nba/500/mil.png,00471b,eee1c6,97
401734907,2025,2,2024-12-14,2024-12-15T01:30:00Z,4278073,Shai Gilgeous-Alexander,25,Thunder,Oklahoma City,Thunder,38,8,21,2,6,14,15,0,8,8,6,5,1,1,3,+16,32,TRUE,FALSE,FALSE,COACH'S DECISION,TRUE,2,S. Gilgeous-Alexander,https://a.espncdn.com/i/headshots/nba/players/full/4278073.png,Guard,G,Oklahoma City Thunder,s:40~l:46~t:25,oklahoma-city-thunder,https://a.espncdn.com/i/teamlogos/nba/500/okc.png,OKC,007ac1,ef3b24,home,TRUE,111,10,Rockets,Houston,Houston Rockets,HOU,https://a.espncdn.com/i/teamlogos/nba/500/hou.png,ce1141,000000,96
401734903,2025,2,2024-12-10,2024-12-11T02:30:00Z,4278073,Shai Gilgeous-Alexander,25,Thunder,Oklahoma City,Thunder,38,15,23,5,9,4,4,0,8,8,5,3,1,2,3,+22,39,TRUE,FALSE,FALSE,COACH'S DECISION,FALSE,2,S. Gilgeous-Alexander,https://a.espncdn.com/i/headshots/nba/players/full/4278073.png,Guard,G,Oklahoma City Thunder,s:40~l:46~t:25,oklahoma-city-thunder,https://a.espncdn.com/i/teamlogos/nba/500/okc.png,OKC,007ac1,ef3b24,home,TRUE,118,6,Mavericks,Dallas,Dallas Mavericks,DAL,https://a.espncdn.com/i/teamlogos/nba/500/dal.png,0064b1,bbc4ca,104
401704908,2025,2,2024-12-07,2024-12-08T00:00:00Z,4278073,Shai Gilgeous-Alexander,25,Thunder,Oklahoma City,Thunder,34,10,18,1,3,10,12,0,2,2,4,0,0,4,5,-2,31,TRUE,FALSE,FALSE,COACH'S DECISION,TRUE,2,S. Gilgeous-Alexander,https://a.espncdn.com/i/headshots/nba/players/full/4278073.png,Guard,G,Oklahoma City Thunder,s:40~l:46~t:25,oklahoma-city-thunder,https://a.espncdn.com/i/teamlogos/nba/500/okc.png,OKC,007ac1,ef3b24,away,TRUE,119,3,Pelicans,New Orleans,New Orleans Pelicans,NO,https://a.espncdn.com/i/teamlogos/nba/500/no.png,0a2240,b4975a,109
401704894,2025,2,2024-12-05,2024-12-06T00:30:00Z,4278073,Shai Gilgeous-Alexander,25,Thunder,Oklahoma City,Thunder,30,11,22,1,10,7,8,0,4,4,5,2,2,2,2,+28,30,TRUE,FALSE,FALSE,COACH'S DECISION,FALSE,2,S. Gilgeous-Alexander,https://a.espncdn.com/i/headshots/nba/players/full/4278073.png,Guard,G,Oklahoma City Thunder,s:40~l:46~t:25,oklahoma-city-thunder,https://a.espncdn.com/i/teamlogos/nba/500/okc.png,OKC,007ac1,ef3b24,away,TRUE,129,28,Raptors,Toronto,Toronto Raptors,TOR,https://a.espncdn.com/i/teamlogos/nba/500/tor.png,d91244,000000,92
401703424,2025,2,2024-12-03,2024-12-04T01:00:00Z,4278073,Shai Gilgeous-Alexander,25,Thunder,Oklahoma City,Thunder,30,11,19,2,6,2,2,1,5,6,7,3,0,0,4,+20,26,TRUE,FALSE,FALSE,COACH'S DECISION,FALSE,2,S. Gilgeous-Alexander,https://a.espncdn.com/i/headshots/nba/players/full/4278073.png,Guard,G,Oklahoma City Thunder,s:40~l:46~t:25,oklahoma-city-thunder,https://a.espncdn.com/i/teamlogos/nba/500/okc.png,OKC,007ac1,ef3b24,home,TRUE,133,26,Jazz,Utah,Utah Jazz,UTAH,https://a.espncdn.com/i/teamlogos/nba/500/utah.png,000000,79a3dc,106
401704876,2025,2,2024-12-01,2024-12-02T00:00:00Z,4278073,Shai Gilgeous-Alexander,25,Thunder,Oklahoma City,Thunder,36,10,19,3,7,9,11,2,6,8,5,2,0,2,2,+6,32,TRUE,FALSE,FALSE,COACH'S DECISION,TRUE,2,S. Gilgeous-Alexander,https://a.espncdn.com/i/headshots/nba/players/full/4278073.png,Guard,G,Oklahoma City Thunder,s:40~l:46~t:25,oklahoma-city-thunder,https://a.espncdn.com/i/teamlogos/nba/500/okc.png,OKC,007ac1,ef3b24,away,FALSE,116,10,Rockets,Houston,Houston Rockets,HOU,https://a.espncdn.com/i/teamlogos/nba/500/hou.png,ce1141,000000,119
401703417,2025,2,2024-11-29,2024-11-30T03:00:00Z,4278073,Shai Gilgeous-Alexander,25,Thunder,Oklahoma City,Thunder,37,13,28,3,10,7,8,3,3,6,9,2,1,3,3,+13,36,TRUE,FALSE,FALSE,COACH'S DECISION,TRUE,2,S. Gilgeous-Alexander,https://a.espncdn.com/i/headshots/nba/players/full/4278073.png,Guard,G,Oklahoma City Thunder,s:40~l:46~t:25,oklahoma-city-thunder,https://a.espncdn.com/i/teamlogos/nba/500/okc.png,OKC,007ac1,ef3b24,away,TRUE,101,13,Lakers,Los Angeles,Los Angeles Lakers,LAL,https://a.espncdn.com/i/teamlogos/nba/500/lal.png,552583,fdb927,93
401704865,2025,2,2024-11-27,2024-11-28T03:00:00Z,4278073,Shai Gilgeous-Alexander,25,Thunder,Oklahoma City,Thunder,39,13,28,3,12,6,10,0,9,9,5,1,2,3,3,+5,35,TRUE,FALSE,FALSE,COACH'S DECISION,TRUE,2,S. Gilgeous-Alexander,https://a.espncdn.com/i/headshots/nba/players/full/4278073.png,Guard,G,Oklahoma City Thunder,s:40~l:46~t:25,oklahoma-city-thunder,https://a.espncdn.com/i/teamlogos/nba/500/okc.png,OKC,007ac1,ef3b24,away,TRUE,105,9,Warriors,Golden State,Golden State Warriors,GS,https://a.espncdn.com/i/teamlogos/nba/500/gs.png,fdb927,1d428a,101
401704851,2025,2,2024-11-25,2024-11-26T03:00:00Z,4278073,Shai Gilgeous-Alexander,25,Thunder,Oklahoma City,Thunder,35,13,20,4,7,7,11,0,4,4,11,0,0,6,2,+15,37,TRUE,FALSE,FALSE,COACH'S DECISION,FALSE,2,S. Gilgeous-Alexander,https://a.espncdn.com/i/headshots/nba/players/full/4278073.png,Guard,G,Oklahoma City Thunder,s:40~l:46~t:25,oklahoma-city-thunder,https://a.espncdn.com/i/teamlogos/nba/500/okc.png,OKC,007ac1,ef3b24,away,TRUE,130,23,Kings,Sacramento,Sacramento Kings,SAC,https://a.espncdn.com/i/teamlogos/nba/500/sac.png,5a2d81,6a7a82,109
401704822,2025,2,2024-11-20,2024-11-21T01:00:00Z,4278073,Shai Gilgeous-Alexander,25,Thunder,Oklahoma City,Thunder,39,7,19,0,2,14,14,2,3,5,4,3,1,2,2,+7,28,TRUE,FALSE,FALSE,COACH'S DECISION,TRUE,2,S. Gilgeous-Alexander,https://a.espncdn.com/i/headshots/nba/players/full/4278073.png,Guard,G,Oklahoma City Thunder,s:40~l:46~t:25,oklahoma-city-thunder,https://a.espncdn.com/i/teamlogos/nba/500/okc.png,OKC,007ac1,ef3b24,home,TRUE,109,22,Trail Blazers,Portland,Portland Trail Blazers,POR,https://a.espncdn.com/i/teamlogos/nba/500/por.png,e03a3e,000000,99
401703394,2025,2,2024-11-19,2024-11-20T02:30:00Z,4278073,Shai Gilgeous-Alexander,25,Thunder,Oklahoma City,Thunder,37,11,20,5,8,5,6,0,3,3,8,3,0,4,3,+2,32,TRUE,FALSE,FALSE,COACH'S DECISION,TRUE,2,S. Gilgeous-Alexander,https://a.espncdn.com/i/headshots/nba/players/full/4278073.png,Guard,G,Oklahoma City Thunder,s:40~l:46~t:25,oklahoma-city-thunder,https://a.espncdn.com/i/teamlogos/nba/500/okc.png,OKC,007ac1,ef3b24,away,FALSE,104,24,Spurs,San Antonio,San Antonio Spurs,SA,https://a.espncdn.com/i/teamlogos/nba/500/sa.png,000000,c4ced4,110
401704808,2025,2,2024-11-17,2024-11-18T00:00:00Z,4278073,Shai Gilgeous-Alexander,25,Thunder,Oklahoma City,Thunder,38,13,19,1,1,9,11,0,2,2,8,2,2,1,1,+8,36,TRUE,FALSE,FALSE,COACH'S DECISION,TRUE,2,S. Gilgeous-Alexander,https://a.espncdn.com/i/headshots/nba/players/full/4278073.png,Guard,G,Oklahoma City Thunder,s:40~l:46~t:25,oklahoma-city-thunder,https://a.espncdn.com/i/teamlogos/nba/500/okc.png,OKC,007ac1,ef3b24,home,FALSE,119,6,Mavericks,Dallas,Dallas Mavericks,DAL,https://a.espncdn.com/i/teamlogos/nba/500/dal.png,0064b1,bbc4ca,121
401703387,2025,2,2024-11-15,2024-11-16T01:00:00Z,4278073,Shai Gilgeous-Alexander,25,Thunder,Oklahoma City,Thunder,33,11,25,2,7,4,4,3,3,6,4,0,1,2,2,+21,28,TRUE,FALSE,FALSE,COACH'S DECISION,FALSE,2,S. Gilgeous-Alexander,https://a.espncdn.com/i/headshots/nba/players/full/4278073.png,Guard,G,Oklahoma City Thunder,s:40~l:46~t:25,oklahoma-city-thunder,https://a.espncdn.com/i/teamlogos/nba/500/okc.png,OKC,007ac1,ef3b24,home,TRUE,99,21,Suns,Phoenix,Phoenix Suns,PHX,https://a.espncdn.com/i/teamlogos/nba/500/phx.png,29127a,e56020,83
401704787,2025,2,2024-11-13,2024-11-14T00:30:00Z,4278073,Shai Gilgeous-Alexander,25,Thunder,Oklahoma City,Thunder,33,12,25,3,7,2,3,0,5,5,5,2,2,2,0,+18,29,TRUE,FALSE,FALSE,COACH'S DECISION,FALSE,2,S. Gilgeous-Alexander,https://a.espncdn.com/i/headshots/nba/players/full/4278073.png,Guard,G,Oklahoma City Thunder,s:40~l:46~t:25,oklahoma-city-thunder,https://a.espncdn.com/i/teamlogos/nba/500/okc.png,OKC,007ac1,ef3b24,home,TRUE,106,3,Pelicans,New Orleans,New Orleans Pelicans,NO,https://a.espncdn.com/i/teamlogos/nba/500/no.png,0a2240,b4975a,88
401704781,2025,2,2024-11-11,2024-11-12T01:00:00Z,4278073,Shai Gilgeous-Alexander,25,Thunder,Oklahoma City,Thunder,39,13,21,4,8,15,16,0,3,3,9,5,2,1,3,+8,45,TRUE,FALSE,FALSE,COACH'S DECISION,TRUE,2,S. Gilgeous-Alexander,https://a.espncdn.com/i/headshots/nba/players/full/4278073.png,Guard,G,Oklahoma City Thunder,s:40~l:46~t:25,oklahoma-city-thunder,https://a.espncdn.com/i/teamlogos/nba/500/okc.png,OKC,007ac1,ef3b24,home,TRUE,134,12,Clippers,LA,LA Clippers,LAC,https://a.espncdn.com/i/teamlogos/nba/500/lac.png,12173f,c8102e,128
401704773,2025,2,2024-11-10,2024-11-11T00:00:00Z,4278073,Shai Gilgeous-Alexander,25,Thunder,Oklahoma City,Thunder,34,6,17,0,2,12,14,1,4,5,4,0,1,4,0,-11,24,TRUE,FALSE,FALSE,COACH'S DECISION,FALSE,2,S. Gilgeous-Alexander,https://a.espncdn.com/i/headshots/nba/players/full/4278073.png,Guard,G,Oklahoma City Thunder,s:40~l:46~t:25,oklahoma-city-thunder,https://a.espncdn.com/i/teamlogos/nba/500/okc.png,OKC,007ac1,ef3b24,home,FALSE,116,9,Warriors,Golden State,Golden State Warriors,GS,https://a.espncdn.com/i/teamlogos/nba/500/gs.png,fdb927,1d428a,127
401704758,2025,2,2024-11-08,2024-11-09T01:00:00Z,4278073,Shai Gilgeous-Alexander,25,Thunder,Oklahoma City,Thunder,29,11,16,1,2,6,7,1,4,5,4,1,1,3,2,+5,29,TRUE,FALSE,FALSE,COACH'S DECISION,FALSE,2,S. Gilgeous-Alexander,https://a.espncdn.com/i/headshots/nba/players/full/4278073.png,Guard,G,Oklahoma City Thunder,s:40~l:46~t:25,oklahoma-city-thunder,https://a.espncdn.com/i/teamlogos/nba/500/okc.png,OKC,007ac1,ef3b24,home,TRUE,126,10,Rockets,Houston,Houston Rockets,HOU,https://a.espncdn.com/i/teamlogos/nba/500/hou.png,ce1141,000000,107
401704743,2025,2,2024-11-06,2024-11-07T02:00:00Z,4278073,Shai Gilgeous-Alexander,25,Thunder,Oklahoma City,Thunder,39,10,19,0,3,8,10,0,2,2,6,1,1,8,1,+3,28,TRUE,FALSE,FALSE,COACH'S DECISION,TRUE,2,S. Gilgeous-Alexander,https://a.espncdn.com/i/headshots/nba/players/full/4278073.png,Guard,G,Oklahoma City Thunder,s:40~l:46~t:25,oklahoma-city-thunder,https://a.espncdn.com/i/teamlogos/nba/500/okc.png,OKC,007ac1,ef3b24,away,FALSE,122,7,Nuggets,Denver,Denver Nuggets,DEN,https://a.espncdn.com/i/teamlogos/nba/500/den.png,0e2240,fec524,124
401704729,2025,2,2024-11-04,2024-11-05T02:15:00Z,4278073,Shai Gilgeous-Alexander,25,Thunder,Oklahoma City,Thunder,35,8,16,1,3,4,4,0,6,6,9,1,0,4,4,+18,21,TRUE,FALSE,FALSE,COACH'S DECISION,FALSE,2,S. Gilgeous-Alexander,https://a.espncdn.com/i/headshots/nba/players/full/4278073.png,Guard,G,Oklahoma City Thunder,s:40~l:46~t:25,oklahoma-city-thunder,https://a.espncdn.com/i/teamlogos/nba/500/okc.png,OKC,007ac1,ef3b24,home,TRUE,102,19,Magic,Orlando,Orlando Magic,ORL,https://a.espncdn.com/i/teamlogos/nba/500/orl.png,0150b5,9ca0a3,86
401704716,2025,2,2024-11-02,2024-11-03T02:30:00Z,4278073,Shai Gilgeous-Alexander,25,Thunder,Oklahoma City,Thunder,31,7,14,2,4,9,9,0,3,3,9,0,1,3,2,+8,25,TRUE,FALSE,FALSE,COACH'S DECISION,FALSE,2,S. Gilgeous-Alexander,https://a.espncdn.com/i/headshots/nba/players/full/4278073.png,Guard,G,Oklahoma City Thunder,s:40~l:46~t:25,oklahoma-city-thunder,https://a.espncdn.com/i/teamlogos/nba/500/okc.png,OKC,007ac1,ef3b24,away,TRUE,105,12,Clippers,LA,LA Clippers,LAC,https://a.espncdn.com/i/teamlogos/nba/500/lac.png,12173f,c8102e,92
401704706,2025,2,2024-11-01,2024-11-02T02:00:00Z,4278073,Shai Gilgeous-Alexander,25,Thunder,Oklahoma City,Thunder,28,12,18,1,6,5,6,1,6,7,6,1,0,3,1,+25,30,TRUE,FALSE,FALSE,COACH'S DECISION,FALSE,2,S. Gilgeous-Alexander,https://a.espncdn.com/i/headshots/nba/players/full/4278073.png,Guard,G,Oklahoma City Thunder,s:40~l:46~t:25,oklahoma-city-thunder,https://a.espncdn.com/i/teamlogos/nba/500/okc.png,OKC,007ac1,ef3b24,away,TRUE,137,22,Trail Blazers,Portland,Portland Trail Blazers,POR,https://a.espncdn.com/i/teamlogos/nba/500/por.png,e03a3e,000000,114
401704691,2025,2,2024-10-30,2024-10-31T01:30:00Z,4278073,Shai Gilgeous-Alexander,25,Thunder,Oklahoma City,Thunder,28,7,20,2,10,2,2,0,4,4,5,1,0,1,1,+3,18,TRUE,FALSE,FALSE,COACH'S DECISION,FALSE,2,S. Gilgeous-Alexander,https://a.espncdn.com/i/headshots/nba/players/full/4278073.png,Guard,G,Oklahoma City Thunder,s:40~l:46~t:25,oklahoma-city-thunder,https://a.espncdn.com/i/teamlogos/nba/500/okc.png,OKC,007ac1,ef3b24,home,TRUE,105,24,Spurs,San Antonio,San Antonio Spurs,SA,https://a.espncdn.com/i/teamlogos/nba/500/sa.png,000000,c4ced4,93
401704666,2025,2,2024-10-27,2024-10-27T23:00:00Z,4278073,Shai Gilgeous-Alexander,25,Thunder,Oklahoma City,Thunder,36,11,24,3,8,10,11,2,9,11,9,3,3,1,3,+24,35,TRUE,FALSE,FALSE,COACH'S DECISION,FALSE,2,S. Gilgeous-Alexander,https://a.espncdn.com/i/headshots/nba/players/full/4278073.png,Guard,G,Oklahoma City Thunder,s:40~l:46~t:25,oklahoma-city-thunder,https://a.espncdn.com/i/teamlogos/nba/500/okc.png,OKC,007ac1,ef3b24,home,TRUE,128,1,Hawks,Atlanta,Atlanta Hawks,ATL,https://a.espncdn.com/i/teamlogos/nba/500/atl.png,c8102e,fdb927,104
401704657,2025,2,2024-10-26,2024-10-27T00:00:00Z,4278073,Shai Gilgeous-Alexander,25,Thunder,Oklahoma City,Thunder,30,9,21,2,9,3,3,2,6,8,2,4,0,1,1,+23,23,TRUE,FALSE,FALSE,COACH'S DECISION,FALSE,2,S. Gilgeous-Alexander,https://a.espncdn.com/i/headshots/nba/players/full/4278073.png,Guard,G,Oklahoma City Thunder,s:40~l:46~t:25,oklahoma-city-thunder,https://a.espncdn.com/i/teamlogos/nba/500/okc.png,OKC,007ac1,ef3b24,away,TRUE,114,4,Bulls,Chicago,Chicago Bulls,CHI,https://a.espncdn.com/i/teamlogos/nba/500/chi.png,ce1141,000000,95
401704641,2025,2,2024-10-24,2024-10-25T02:00:00Z,4278073,Shai Gilgeous-Alexander,25,Thunder,Oklahoma City,Thunder,36,11,24,2,6,4,5,2,5,7,8,2,3,2,2,+8,28,TRUE,FALSE,FALSE,COACH'S DECISION,FALSE,2,S. Gilgeous-Alexander,https://a.espncdn.com/i/headshots/nba/players/full/4278073.png,Guard,G,Oklahoma City Thunder,s:40~l:46~t:25,oklahoma-city-thunder,https://a.espncdn.com/i/teamlogos/nba/500/okc.png,OKC,007ac1,ef3b24,away,TRUE,102,7,Nuggets,Denver,Denver Nuggets,DEN,https://a.espncdn.com/i/teamlogos/nba/500/den.png,0e2240,fec524,87
